-- phpMyAdmin SQL Dump
-- version 4.2.11
-- http://www.phpmyadmin.net
--
-- Host: 127.0.0.1
-- Generation Time: May 01, 2020 at 03:52 PM
-- Server version: 5.6.21
-- PHP Version: 5.6.3

SET SQL_MODE = "NO_AUTO_VALUE_ON_ZERO";
SET time_zone = "+00:00";


/*!40101 SET @OLD_CHARACTER_SET_CLIENT=@@CHARACTER_SET_CLIENT */;
/*!40101 SET @OLD_CHARACTER_SET_RESULTS=@@CHARACTER_SET_RESULTS */;
/*!40101 SET @OLD_COLLATION_CONNECTION=@@COLLATION_CONNECTION */;
/*!40101 SET NAMES utf8 */;

--
-- Database: `forecasting`
--

-- --------------------------------------------------------

--
-- Table structure for table `data_rekap`
--

CREATE TABLE IF NOT EXISTS `data_rekap` (
`id_rek` int(11) NOT NULL,
  `tanggal` date NOT NULL,
  `id_obat` int(10) NOT NULL,
  `jumlah` int(11) NOT NULL,
  `total` int(11) NOT NULL
) ENGINE=InnoDB AUTO_INCREMENT=326 DEFAULT CHARSET=latin1;

--
-- Dumping data for table `data_rekap`
--

INSERT INTO `data_rekap` (`id_rek`, `tanggal`, `id_obat`, `jumlah`, `total`) VALUES
(1, '2016-01-01', 1, 4, 1),
(3, '2016-03-01', 1, 5, 1),
(4, '2016-04-01', 1, 3, 1),
(5, '2016-05-01', 1, 4, 1),
(6, '2016-06-01', 1, 3, 1),
(7, '2016-07-01', 1, 5, 1),
(8, '2016-08-01', 1, 4, 1),
(9, '2016-09-01', 1, 6, 1),
(10, '2016-10-01', 1, 4, 1),
(11, '2016-11-01', 1, 5, 1),
(12, '2016-12-01', 1, 4, 1),
(13, '2017-01-01', 1, 3, 1),
(14, '2017-02-01', 1, 3, 1),
(15, '2017-03-01', 1, 6, 1),
(16, '2017-04-01', 1, 4, 1),
(17, '2017-05-01', 1, 5, 1),
(18, '2017-06-01', 1, 3, 1),
(19, '2017-07-01', 1, 6, 1),
(20, '2017-08-01', 1, 3, 1),
(21, '2017-09-01', 1, 4, 1),
(22, '2017-10-01', 1, 6, 1),
(23, '2017-11-01', 1, 4, 1),
(24, '2017-12-01', 1, 3, 1),
(25, '2018-01-01', 1, 2, 1),
(26, '2018-02-01', 1, 4, 1),
(27, '2018-03-01', 1, 5, 1),
(28, '2018-04-01', 1, 2, 1),
(29, '2018-05-01', 1, 3, 1),
(30, '2018-06-01', 1, 3, 1),
(31, '2018-07-01', 1, 4, 1),
(32, '2018-08-01', 1, 3, 1),
(33, '2018-09-01', 1, 3, 1),
(34, '2018-10-01', 1, 7, 1),
(35, '2018-11-01', 1, 3, 1),
(36, '2018-12-01', 1, 2, 1),
(37, '2016-01-01', 2, 15, 1),
(38, '2016-02-01', 2, 20, 1),
(39, '2016-03-01', 2, 34, 1),
(40, '2016-04-01', 2, 24, 1),
(41, '2016-05-01', 2, 20, 1),
(42, '2016-06-01', 2, 24, 1),
(43, '2016-07-01', 2, 16, 1),
(44, '2016-08-01', 2, 17, 1),
(45, '2016-09-01', 2, 23, 1),
(46, '2016-10-01', 2, 24, 1),
(47, '2016-11-01', 2, 14, 1),
(48, '2016-12-01', 2, 26, 1),
(49, '2017-01-01', 2, 19, 1),
(50, '2017-02-01', 2, 25, 1),
(51, '2017-03-01', 2, 22, 1),
(52, '2017-04-01', 2, 28, 1),
(53, '2017-05-01', 2, 22, 1),
(54, '2017-06-01', 2, 22, 1),
(55, '2017-07-01', 2, 17, 1),
(56, '2017-08-01', 2, 26, 1),
(57, '2017-09-01', 2, 19, 1),
(58, '2017-10-01', 2, 19, 1),
(59, '2017-11-01', 2, 25, 1),
(60, '2017-12-01', 2, 31, 1),
(61, '2018-01-01', 2, 32, 1),
(62, '2018-02-01', 2, 17, 1),
(63, '2018-03-01', 2, 30, 1),
(64, '2018-04-01', 2, 28, 1),
(65, '2018-05-01', 2, 18, 1),
(66, '2018-06-01', 2, 19, 1),
(67, '2018-07-01', 2, 16, 1),
(68, '2018-08-01', 2, 22, 1),
(69, '2018-09-01', 2, 17, 1),
(70, '2018-10-01', 2, 24, 1),
(71, '2018-11-01', 2, 20, 1),
(72, '2018-12-01', 2, 24, 1),
(73, '2016-01-01', 3, 21, 1),
(74, '2016-02-01', 3, 12, 1),
(75, '2016-03-01', 3, 18, 1),
(76, '2016-04-01', 3, 11, 1),
(77, '2016-05-01', 3, 25, 1),
(78, '2016-06-01', 3, 14, 1),
(79, '2016-07-01', 3, 31, 1),
(80, '2016-08-01', 3, 26, 1),
(81, '2016-09-01', 3, 23, 1),
(82, '2016-10-01', 3, 20, 1),
(83, '2016-11-01', 3, 18, 1),
(84, '2016-12-01', 3, 23, 1),
(85, '2017-01-01', 3, 23, 1),
(86, '2017-02-01', 3, 11, 1),
(87, '2017-03-01', 3, 14, 1),
(88, '2017-04-01', 3, 9, 1),
(89, '2017-05-01', 3, 32, 1),
(90, '2017-06-01', 3, 21, 1),
(91, '2017-07-01', 3, 33, 1),
(92, '2017-08-01', 3, 21, 1),
(93, '2017-09-01', 3, 25, 1),
(94, '2017-10-01', 3, 19, 1),
(95, '2017-11-01', 3, 17, 1),
(96, '2017-12-01', 3, 28, 1),
(97, '2018-01-01', 3, 25, 1),
(98, '2018-02-01', 3, 10, 1),
(99, '2018-03-01', 3, 12, 1),
(100, '2018-04-01', 3, 14, 1),
(101, '2018-05-01', 3, 9, 1),
(102, '2018-06-01', 3, 34, 1),
(103, '2018-07-01', 3, 23, 1),
(104, '2018-08-01', 3, 27, 1),
(105, '2018-09-01', 3, 25, 1),
(106, '2018-10-01', 3, 17, 1),
(107, '2018-11-01', 3, 16, 1),
(108, '2018-12-01', 3, 24, 1),
(109, '2016-01-01', 4, 13, 1),
(110, '2016-02-01', 4, 17, 1),
(111, '2016-03-01', 4, 10, 1),
(112, '2016-04-01', 4, 14, 1),
(113, '2016-05-01', 4, 16, 1),
(114, '2016-06-01', 4, 14, 1),
(115, '2016-07-01', 4, 15, 1),
(116, '2016-08-01', 4, 14, 1),
(117, '2016-09-01', 4, 25, 1),
(118, '2016-10-01', 4, 14, 1),
(119, '2016-11-01', 4, 16, 1),
(120, '2016-12-01', 4, 16, 1),
(121, '2017-01-01', 4, 17, 1),
(122, '2017-02-01', 4, 14, 1),
(123, '2017-03-01', 4, 22, 1),
(124, '2017-04-01', 4, 26, 1),
(125, '2017-05-01', 4, 18, 1),
(126, '2017-06-01', 4, 20, 1),
(127, '2017-07-01', 4, 23, 1),
(128, '2017-08-01', 4, 28, 1),
(129, '2017-09-01', 4, 18, 1),
(130, '2017-10-01', 4, 13, 1),
(131, '2017-11-01', 4, 27, 1),
(132, '2017-12-01', 4, 14, 1),
(133, '2018-01-01', 4, 15, 1),
(134, '2018-02-01', 4, 14, 1),
(135, '2018-03-01', 4, 9, 1),
(136, '2018-04-01', 4, 8, 1),
(137, '2018-05-01', 4, 15, 1),
(138, '2018-06-01', 4, 12, 1),
(139, '2018-07-01', 4, 20, 1),
(140, '2018-08-01', 4, 2, 1),
(141, '2018-09-01', 4, 15, 1),
(142, '2018-10-01', 4, 16, 1),
(143, '2018-11-01', 4, 23, 1),
(144, '2018-12-01', 4, 10, 1),
(145, '2016-01-01', 5, 32, 1),
(146, '2016-02-01', 5, 29, 1),
(147, '2016-03-01', 5, 43, 1),
(148, '2016-04-01', 5, 39, 1),
(149, '2016-05-01', 5, 51, 1),
(150, '2016-06-01', 5, 39, 1),
(151, '2016-07-01', 5, 22, 1),
(152, '2016-08-01', 5, 35, 1),
(153, '2016-09-01', 5, 34, 1),
(154, '2016-10-01', 5, 24, 1),
(155, '2016-11-01', 5, 21, 1),
(156, '2016-12-01', 5, 36, 1),
(157, '2017-01-01', 5, 22, 1),
(158, '2017-02-01', 5, 29, 1),
(159, '2017-03-01', 5, 39, 1),
(160, '2017-04-01', 5, 37, 1),
(161, '2017-05-01', 5, 47, 1),
(162, '2017-06-01', 5, 22, 1),
(163, '2017-07-01', 5, 41, 1),
(164, '2017-08-01', 5, 38, 1),
(165, '2017-09-01', 5, 31, 1),
(166, '2017-10-01', 5, 27, 1),
(167, '2017-11-01', 5, 47, 1),
(168, '2017-12-01', 5, 46, 1),
(169, '2018-01-01', 5, 24, 1),
(170, '2018-02-01', 5, 46, 1),
(171, '2018-03-01', 5, 40, 1),
(172, '2018-04-01', 5, 27, 1),
(173, '2018-05-01', 5, 28, 1),
(174, '2018-06-01', 5, 42, 1),
(175, '2018-07-01', 5, 46, 1),
(176, '2018-08-01', 5, 34, 1),
(177, '2018-09-01', 5, 42, 1),
(178, '2018-10-01', 5, 19, 1),
(179, '2018-11-01', 5, 38, 1),
(180, '2018-12-01', 5, 39, 1),
(181, '2016-01-01', 6, 25, 1),
(182, '2016-02-01', 6, 23, 1),
(183, '2016-03-01', 6, 24, 1),
(184, '2016-04-01', 6, 20, 1),
(185, '2016-05-01', 6, 24, 1),
(186, '2016-06-01', 6, 20, 1),
(187, '2016-07-01', 6, 14, 1),
(188, '2016-08-01', 6, 18, 1),
(189, '2016-09-01', 6, 23, 1),
(190, '2016-10-01', 6, 24, 1),
(191, '2016-11-01', 6, 24, 1),
(192, '2016-12-01', 6, 18, 1),
(193, '2017-01-01', 6, 14, 1),
(194, '2017-02-01', 6, 11, 1),
(195, '2017-03-01', 6, 14, 1),
(196, '2017-04-01', 6, 31, 1),
(197, '2017-05-01', 6, 35, 1),
(198, '2017-06-01', 6, 20, 1),
(199, '2017-07-01', 6, 16, 1),
(200, '2017-08-01', 6, 17, 1),
(201, '2017-09-01', 6, 16, 1),
(202, '2017-10-01', 6, 26, 1),
(203, '2017-11-01', 6, 28, 1),
(204, '2017-12-01', 6, 21, 1),
(205, '2018-01-01', 6, 16, 1),
(206, '2018-02-01', 6, 18, 1),
(207, '2018-03-01', 6, 33, 1),
(208, '2018-04-01', 6, 16, 1),
(209, '2018-05-01', 6, 14, 1),
(210, '2018-06-01', 6, 24, 1),
(211, '2018-07-01', 6, 37, 1),
(212, '2018-08-01', 6, 35, 1),
(213, '2018-09-01', 6, 13, 1),
(214, '2018-10-01', 6, 18, 1),
(215, '2018-11-01', 6, 20, 1),
(216, '2018-12-01', 6, 16, 1),
(217, '2016-01-01', 7, 78, 1),
(218, '2016-02-01', 7, 82, 1),
(219, '2016-03-01', 7, 120, 1),
(220, '2016-04-01', 7, 136, 1),
(221, '2016-05-01', 7, 91, 1),
(222, '2016-06-01', 7, 134, 1),
(223, '2016-07-01', 7, 133, 1),
(224, '2016-08-01', 7, 137, 1),
(225, '2016-09-01', 7, 113, 1),
(226, '2016-10-01', 7, 97, 1),
(227, '2016-11-01', 7, 133, 1),
(228, '2016-12-01', 7, 154, 1),
(229, '2017-01-01', 7, 111, 1),
(230, '2017-02-01', 7, 114, 1),
(231, '2017-03-01', 7, 82, 1),
(232, '2017-04-01', 7, 162, 1),
(233, '2017-05-01', 7, 101, 1),
(234, '2017-06-01', 7, 91, 1),
(235, '2017-07-01', 7, 131, 1),
(236, '2017-08-01', 7, 115, 1),
(237, '2017-09-01', 7, 141, 1),
(238, '2017-10-01', 7, 147, 1),
(239, '2017-11-01', 7, 121, 1),
(240, '2017-12-01', 7, 151, 1),
(241, '2018-01-01', 7, 75, 1),
(242, '2018-02-01', 7, 83, 1),
(243, '2018-03-01', 7, 105, 1),
(244, '2018-04-01', 7, 68, 1),
(245, '2018-05-01', 7, 107, 1),
(246, '2018-06-01', 7, 98, 1),
(247, '2018-07-01', 7, 100, 1),
(248, '2018-08-01', 7, 168, 1),
(249, '2018-09-01', 7, 156, 1),
(250, '2018-10-01', 7, 124, 1),
(251, '2018-11-01', 7, 83, 1),
(252, '2018-12-01', 7, 98, 1),
(253, '2016-01-11', 7, 78, 1),
(254, '2016-02-11', 7, 82, 1),
(255, '2016-03-11', 7, 120, 1),
(256, '2016-04-11', 7, 136, 1),
(257, '2016-05-11', 7, 91, 1),
(258, '2016-06-11', 7, 134, 1),
(259, '2016-07-11', 7, 133, 1),
(260, '2016-08-11', 7, 137, 1),
(261, '2016-09-11', 7, 113, 1),
(262, '2016-10-11', 7, 97, 1),
(263, '2016-11-11', 7, 133, 1),
(264, '2016-12-11', 7, 154, 1),
(265, '2017-01-11', 7, 111, 1),
(266, '2017-02-11', 7, 114, 1),
(267, '2017-03-11', 7, 82, 1),
(268, '2017-04-11', 7, 162, 1),
(269, '2017-05-11', 7, 101, 1),
(270, '2017-06-11', 7, 91, 1),
(271, '2017-07-11', 7, 131, 1),
(272, '2017-08-11', 7, 115, 1),
(273, '2017-09-11', 7, 141, 1),
(274, '2017-10-11', 7, 147, 1),
(275, '2017-11-11', 7, 121, 1),
(276, '2017-12-11', 7, 151, 1),
(277, '2018-01-11', 7, 75, 1),
(278, '2018-02-11', 7, 83, 1),
(279, '2018-03-11', 7, 105, 1),
(280, '2018-04-11', 7, 68, 1),
(281, '2018-05-11', 7, 107, 1),
(282, '2018-06-11', 7, 98, 1),
(283, '2018-07-11', 7, 100, 1),
(284, '2018-08-11', 7, 168, 1),
(285, '2018-09-11', 7, 156, 1),
(286, '2018-10-11', 7, 124, 1),
(287, '2018-11-11', 7, 83, 1),
(288, '2018-12-11', 7, 98, 1),
(289, '2016-01-28', 7, 78, 1),
(290, '2016-02-28', 7, 82, 1),
(291, '2016-03-28', 7, 120, 1),
(292, '2016-04-28', 7, 136, 1),
(293, '2016-05-28', 7, 91, 1),
(294, '2016-06-28', 7, 134, 1),
(295, '2016-07-28', 7, 133, 1),
(296, '2016-08-28', 7, 137, 1),
(297, '2016-09-28', 7, 113, 1),
(298, '2016-10-28', 7, 97, 1),
(299, '2016-11-28', 7, 133, 1),
(300, '2016-12-28', 7, 154, 1),
(301, '2017-01-28', 7, 111, 1),
(302, '2017-02-28', 7, 114, 1),
(303, '2017-03-28', 7, 82, 1),
(304, '2017-04-28', 7, 162, 1),
(305, '2017-05-28', 7, 101, 1),
(306, '2017-06-28', 7, 91, 1),
(307, '2017-07-28', 7, 131, 1),
(308, '2017-08-28', 7, 115, 1),
(309, '2017-09-28', 7, 141, 1),
(310, '2017-10-28', 7, 147, 1),
(311, '2017-11-28', 7, 121, 1),
(312, '2017-12-28', 7, 151, 1),
(313, '2018-01-28', 7, 75, 1),
(314, '2018-02-28', 7, 83, 1),
(315, '2018-03-28', 7, 105, 1),
(316, '2018-04-28', 7, 68, 1),
(317, '2018-05-28', 7, 107, 1),
(318, '2018-06-28', 7, 98, 1),
(319, '2018-07-28', 7, 100, 1),
(320, '2018-08-28', 7, 168, 1),
(321, '2018-09-28', 7, 156, 1),
(322, '2018-10-28', 7, 124, 1),
(323, '2018-11-28', 7, 83, 1),
(324, '2018-12-28', 7, 98, 1),
(325, '2017-03-03', 2, 4, 24000);

-- --------------------------------------------------------

--
-- Table structure for table `kategori_obat`
--

CREATE TABLE IF NOT EXISTS `kategori_obat` (
`id_kategori` int(10) NOT NULL,
  `kode_kategori` char(5) NOT NULL,
  `nama_kategori` varchar(30) NOT NULL
) ENGINE=InnoDB AUTO_INCREMENT=8 DEFAULT CHARSET=latin1;

--
-- Dumping data for table `kategori_obat`
--

INSERT INTO `kategori_obat` (`id_kategori`, `kode_kategori`, `nama_kategori`) VALUES
(1, 'alg', 'alergi'),
(2, 'an', 'anti nyeri'),
(3, 'bdf', 'batuk dan flu'),
(4, 'dm', 'demam'),
(5, 'jt', 'jantung'),
(6, 'kf', 'kimia farma1'),
(7, 'p3k', 'pertolongan pertama kecelakaan');

-- --------------------------------------------------------

--
-- Table structure for table `manufaktur_obat`
--

CREATE TABLE IF NOT EXISTS `manufaktur_obat` (
`id_manufaktur` int(11) NOT NULL,
  `kode_manufaktur` char(10) NOT NULL,
  `nama_manufaktur` varchar(50) NOT NULL
) ENGINE=InnoDB AUTO_INCREMENT=6 DEFAULT CHARSET=latin1;

--
-- Dumping data for table `manufaktur_obat`
--

INSERT INTO `manufaktur_obat` (`id_manufaktur`, `kode_manufaktur`, `nama_manufaktur`) VALUES
(1, 'cmb', 'combiphar'),
(2, 'gm', 'generic manufactur'),
(3, 'kbf', 'kalbe farma'),
(4, 'knmx', 'konimex'),
(5, 'sam', 'samantor');

-- --------------------------------------------------------

--
-- Table structure for table `table_obat`
--

CREATE TABLE IF NOT EXISTS `table_obat` (
`id_obat` int(10) NOT NULL,
  `nama_obat` varchar(20) NOT NULL,
  `bentuk_obat` char(15) NOT NULL,
  `segmentasi_obat` char(30) NOT NULL,
  `id_kategori` int(11) NOT NULL,
  `id_manufaktur` int(11) NOT NULL,
  `harga_obat` int(11) NOT NULL,
  `kode_obat` char(10) NOT NULL
) ENGINE=InnoDB AUTO_INCREMENT=8 DEFAULT CHARSET=latin1;

--
-- Dumping data for table `table_obat`
--

INSERT INTO `table_obat` (`id_obat`, `nama_obat`, `bentuk_obat`, `segmentasi_obat`, `id_kategori`, `id_manufaktur`, `harga_obat`, `kode_obat`) VALUES
(1, 'betadine solution', 'cai 5 ml', 'ob', 1, 1, 2000, 'btd1'),
(2, 'cetrizine', '200 mg 4 tablet', 'ob', 2, 1, 6000, 'crz1'),
(3, 'simvastatin', '200 mg 10 table', 'ok', 3, 2, 5000, 'simva1'),
(4, 'amlodipin', '500 mg 10 table', 'ok', 3, 2, 8000, 'amlo1'),
(5, 'intunal', '200 mg 4 tablet', 'obt', 4, 3, 9000, 'intu1'),
(6, 'obh combi plus', 'cair 30 ml', 'ob', 5, 4, 12000, 'obh1'),
(7, 'catflam', '50 mg 10 tablet', 'obt', 6, 4, 7000, 'catf1');

-- --------------------------------------------------------

--
-- Table structure for table `user`
--

CREATE TABLE IF NOT EXISTS `user` (
`id_user` int(11) NOT NULL,
  `nama` varchar(50) NOT NULL,
  `level` varchar(5) NOT NULL,
  `username` varchar(16) NOT NULL,
  `password` varchar(254) NOT NULL
) ENGINE=InnoDB AUTO_INCREMENT=7 DEFAULT CHARSET=latin1;

--
-- Dumping data for table `user`
--

INSERT INTO `user` (`id_user`, `nama`, `level`, `username`, `password`) VALUES
(1, 'gilang farma', 'user', 'user1', 'ee11cbb19052e40b07aac0ca060c23ee'),
(2, 'admin gilang farma', 'admin', 'admin1', '21232f297a57a5a743894a0e4a801fc3'),
(4, 'mande rea', 'admin', 'made22', 'made22'),
(5, 'alfadua', 'admin', 'alfadua', '46634a1a21862917d478bc926a69696c'),
(6, 'asti', 'user', 'askep', '80e97cd3e03f44d790ec4b8f54832edb');

--
-- Indexes for dumped tables
--

--
-- Indexes for table `data_rekap`
--
ALTER TABLE `data_rekap`
 ADD PRIMARY KEY (`id_rek`);

--
-- Indexes for table `kategori_obat`
--
ALTER TABLE `kategori_obat`
 ADD PRIMARY KEY (`id_kategori`);

--
-- Indexes for table `manufaktur_obat`
--
ALTER TABLE `manufaktur_obat`
 ADD PRIMARY KEY (`id_manufaktur`);

--
-- Indexes for table `table_obat`
--
ALTER TABLE `table_obat`
 ADD PRIMARY KEY (`id_obat`);

--
-- Indexes for table `user`
--
ALTER TABLE `user`
 ADD PRIMARY KEY (`id_user`);

--
-- AUTO_INCREMENT for dumped tables
--

--
-- AUTO_INCREMENT for table `data_rekap`
--
ALTER TABLE `data_rekap`
MODIFY `id_rek` int(11) NOT NULL AUTO_INCREMENT,AUTO_INCREMENT=326;
--
-- AUTO_INCREMENT for table `kategori_obat`
--
ALTER TABLE `kategori_obat`
MODIFY `id_kategori` int(10) NOT NULL AUTO_INCREMENT,AUTO_INCREMENT=8;
--
-- AUTO_INCREMENT for table `manufaktur_obat`
--
ALTER TABLE `manufaktur_obat`
MODIFY `id_manufaktur` int(11) NOT NULL AUTO_INCREMENT,AUTO_INCREMENT=6;
--
-- AUTO_INCREMENT for table `table_obat`
--
ALTER TABLE `table_obat`
MODIFY `id_obat` int(10) NOT NULL AUTO_INCREMENT,AUTO_INCREMENT=8;
--
-- AUTO_INCREMENT for table `user`
--
ALTER TABLE `user`
MODIFY `id_user` int(11) NOT NULL AUTO_INCREMENT,AUTO_INCREMENT=7;
/*!40101 SET CHARACTER_SET_CLIENT=@OLD_CHARACTER_SET_CLIENT */;
/*!40101 SET CHARACTER_SET_RESULTS=@OLD_CHARACTER_SET_RESULTS */;
/*!40101 SET COLLATION_CONNECTION=@OLD_COLLATION_CONNECTION */;
